0.800000,1.800000,DIR_RIGHT,TURN_RIGHT
0.800000,1.800000,FOLLOW,FORWARD
0.807162,1.799261,FOLLOW,FORWARD
0.815111,1.798358,FOLLOW,FORWARD
0.823059,1.797445,FOLLOW,FORWARD
0.831006,1.796533,FOLLOW,FORWARD
0.838954,1.795621,FOLLOW,FORWARD
0.846902,1.794708,FOLLOW,FORWARD
0.854850,1.793796,FOLLOW,FORWARD
0.862798,1.792884,FOLLOW,FORWARD
0.870745,1.791971,FOLLOW,FORWARD
0.878693,1.791059,FOLLOW,FORWARD
0.886641,1.790147,FOLLOW,FORWARD
0.894589,1.789235,FOLLOW,FORWARD
0.902537,1.788322,FOLLOW,FORWARD
0.910484,1.787410,FOLLOW,FORWARD
0.918432,1.786498,FOLLOW,FORWARD
0.926380,1.785585,FOLLOW,FORWARD
0.934328,1.784673,FOLLOW,FORWARD
0.942276,1.783761,FOLLOW,FORWARD
0.950224,1.782848,FOLLOW,FORWARD
0.958171,1.781936,FOLLOW,FORWARD
0.966119,1.781024,FOLLOW,FORWARD
0.974067,1.780112,FOLLOW,FORWARD
0.982015,1.779199,FOLLOW,FORWARD
0.989963,1.778287,FOLLOW,FORWARD
0.997910,1.777375,FOLLOW,FORWARD
1.005858,1.776462,FOLLOW,FORWARD
1.013806,1.775550,FOLLOW,FORWARD
1.021754,1.774638,FOLLOW,FORWARD
1.029702,1.773726,FOLLOW,FORWARD
1.037649,1.772813,FOLLOW,FORWARD
1.045597,1.771901,FOLLOW,FORWARD
1.053545,1.770989,FOLLOW,FORWARD
1.061493,1.770076,FOLLOW,FORWARD
1.069441,1.769164,FOLLOW,FORWARD
1.077389,1.768252,FOLLOW,FORWARD
1.085336,1.767339,FOLLOW,FORWARD
1.093284,1.766427,FOLLOW,FORWARD
1.101232,1.765515,FOLLOW,FORWARD
1.109180,1.764603,FOLLOW,FORWARD
1.117128,1.763690,FOLLOW,FORWARD
1.125075,1.762778,FOLLOW,FORWARD
1.133023,1.761866,FOLLOW,FORWARD
1.140971,1.760953,FOLLOW,FORWARD
1.148919,1.760041,FOLLOW,FORWARD
1.156867,1.759129,FOLLOW,FORWARD
1.164814,1.758216,FOLLOW,FORWARD
1.172762,1.757304,FOLLOW,FORWARD
1.180710,1.756392,FOLLOW,FORWARD
1.188658,1.755480,FOLLOW,FORWARD
1.196606,1.754567,FOLLOW,FORWARD
1.204554,1.753655,FOLLOW,FORWARD
1.212501,1.752743,FOLLOW,FORWARD
1.220449,1.751830,FOLLOW,FORWARD
1.228397,1.750918,FOLLOW,FORWARD
1.236345,1.750006,FOLLOW,FORWARD
1.244293,1.749094,FOLLOW,FORWARD
1.252240,1.748181,FOLLOW,FORWARD
1.260188,1.747269,FOLLOW,FORWARD
1.268136,1.746357,FOLLOW,FORWARD
1.276084,1.745444,FOLLOW,FORWARD
1.284032,1.744532,FOLLOW,FORWARD
1.291979,1.743620,FOLLOW,FORWARD
1.299927,1.742707,FOLLOW,FORWARD
1.307875,1.741795,FOLLOW,FORWARD
1.315823,1.740883,FOLLOW,FORWARD
1.323771,1.739971,FOLLOW,FORWARD
1.331719,1.739058,FOLLOW,FORWARD
1.339666,1.738146,FOLLOW,FORWARD
1.347614,1.737234,FOLLOW,FORWARD
1.355562,1.736321,FOLLOW,FORWARD
1.363510,1.735409,FOLLOW,FORWARD
1.371458,1.734497,FOLLOW,FORWARD
1.379405,1.733584,FOLLOW,FORWARD
1.387353,1.732672,FOLLOW,FORWARD
1.395301,1.731760,FOLLOW,FORWARD
1.403249,1.730848,FOLLOW,FORWARD
1.411197,1.729935,FOLLOW,FORWARD
1.419144,1.729023,FOLLOW,FORWARD
1.427092,1.728111,FOLLOW,FORWARD
1.435040,1.727198,FOLLOW,FORWARD
1.442988,1.726286,FOLLOW,FORWARD
1.450936,1.725374,FOLLOW,FORWARD
1.458884,1.724461,FOLLOW,FORWARD
1.466831,1.723549,FOLLOW,FORWARD
1.474779,1.722637,FOLLOW,FORWARD
1.482727,1.721725,FOLLOW,FORWARD
1.490675,1.720812,FOLLOW,FORWARD
1.498623,1.719900,FOLLOW,FORWARD
1.506570,1.718988,FOLLOW,FORWARD
1.514518,1.718075,FOLLOW,FORWARD
1.522466,1.717163,FOLLOW,FORWARD
1.530414,1.716251,FOLLOW,FORWARD
1.538362,1.715339,FOLLOW,FORWARD
1.546309,1.714426,FOLLOW,FORWARD
1.554257,1.713514,FOLLOW,FORWARD
1.562205,1.712602,FOLLOW,FORWARD
1.570153,1.711689,FOLLOW,FORWARD
1.578101,1.710777,FOLLOW,FORWARD
1.586049,1.709865,FOLLOW,FORWARD
1.593996,1.708952,FOLLOW,FORWARD
1.601944,1.708040,FOLLOW,FORWARD
1.609892,1.707128,FOLLOW,FORWARD
1.617840,1.706216,FOLLOW,FORWARD
1.625788,1.705303,FOLLOW,FORWARD
1.633735,1.704391,FOLLOW,FORWARD
1.641683,1.703479,FOLLOW,FORWARD
1.649631,1.702566,FOLLOW,FORWARD
1.657579,1.701654,FOLLOW,FORWARD
1.665527,1.700742,FOLLOW,FORWARD
1.673474,1.699829,FOLLOW,FORWARD
1.681422,1.698917,FOLLOW,FORWARD
1.689370,1.698005,FOLLOW,FORWARD
1.697318,1.697093,FOLLOW,FORWARD
1.705266,1.696180,FOLLOW,FORWARD
1.713213,1.695268,FOLLOW,FORWARD
1.721161,1.694356,FOLLOW,FORWARD
1.729109,1.693443,FOLLOW,FORWARD
1.737057,1.692531,FOLLOW,FORWARD
1.745005,1.691619,FOLLOW,FORWARD
1.752953,1.690707,FOLLOW,FORWARD
1.760900,1.689794,FOLLOW,FORWARD
1.768848,1.688882,FOLLOW,FORWARD
1.776796,1.687970,FOLLOW,FORWARD
1.784744,1.687057,FOLLOW,FORWARD
1.792692,1.686145,FOLLOW,FORWARD
1.800639,1.685233,FOLLOW,FORWARD
1.808587,1.684320,FOLLOW,FORWARD
1.816535,1.683408,FOLLOW,FORWARD
1.824483,1.682496,FOLLOW,FORWARD
1.832431,1.681584,FOLLOW,FORWARD
1.840378,1.680671,FOLLOW,FORWARD
1.848326,1.679759,FOLLOW,FORWARD
1.856274,1.678847,FOLLOW,FORWARD
1.864222,1.677934,FOLLOW,FORWARD
1.872170,1.677022,FOLLOW,FORWARD
1.880118,1.676110,FOLLOW,FORWARD
1.888065,1.675197,FOLLOW,FORWARD
1.896013,1.674285,DIR_RIGHT,TURN_RIGHT
1.896808,1.674194,FOLLOW,FORWARD
1.903839,1.672643,FOLLOW,FORWARD
1.911633,1.670839,FOLLOW,FORWARD
1.919425,1.669026,FOLLOW,FORWARD
1.927217,1.667214,FOLLOW,FORWARD
1.935009,1.665401,FOLLOW,FORWARD
1.942801,1.663588,FOLLOW,FORWARD
1.950592,1.661776,FOLLOW,FORWARD
1.958384,1.659963,FOLLOW,FORWARD
1.966176,1.658150,FOLLOW,FORWARD
1.973968,1.656337,FOLLOW,FORWARD
1.981760,1.654525,FOLLOW,FORWARD
1.989552,1.652712,FOLLOW,FORWARD
1.997344,1.650899,FOLLOW,FORWARD
2.005136,1.649087,FOLLOW,FORWARD
2.012928,1.647274,FOLLOW,FORWARD
2.020720,1.645461,FOLLOW,FORWARD
2.028512,1.643649,FOLLOW,FORWARD
2.036304,1.641836,FOLLOW,FORWARD
2.044096,1.640023,FOLLOW,FORWARD
2.051888,1.638211,FOLLOW,FORWARD
2.059679,1.636398,FOLLOW,FORWARD
2.067471,1.634585,FOLLOW,FORWARD
2.075263,1.632772,FOLLOW,FORWARD
2.083055,1.630960,FOLLOW,FORWARD
2.090847,1.629147,FOLLOW,FORWARD
2.098639,1.627334,FOLLOW,FORWARD
2.106431,1.625522,FOLLOW,FORWARD
2.114223,1.623709,FOLLOW,FORWARD
2.122015,1.621896,FOLLOW,FORWARD
2.129807,1.620084,FOLLOW,FORWARD
2.137599,1.618271,FOLLOW,FORWARD
2.145391,1.616458,FOLLOW,FORWARD
2.153183,1.614646,FOLLOW,FORWARD
2.160975,1.612833,FOLLOW,FORWARD
2.168766,1.611020,FOLLOW,FORWARD
2.176558,1.609208,FOLLOW,FORWARD
2.184350,1.607395,FOLLOW,FORWARD
2.192142,1.605582,FOLLOW,FORWARD
2.199934,1.603769,FOLLOW,FORWARD
2.207726,1.601957,FOLLOW,FORWARD
2.215518,1.600144,FOLLOW,FORWARD
2.223310,1.598331,FOLLOW,FORWARD
2.231102,1.596519,FOLLOW,FORWARD
2.238894,1.594706,FOLLOW,FORWARD
2.246686,1.592893,FOLLOW,FORWARD
2.254478,1.591081,FOLLOW,FORWARD
2.262270,1.589268,FOLLOW,FORWARD
2.270062,1.587455,FOLLOW,FORWARD
2.277853,1.585643,FOLLOW,FORWARD
2.285645,1.583830,FOLLOW,FORWARD
2.293437,1.582017,FOLLOW,FORWARD
2.301229,1.580204,FOLLOW,FORWARD
2.309021,1.578392,FOLLOW,FORWARD
2.316813,1.576579,FOLLOW,FORWARD
2.324605,1.574766,FOLLOW,FORWARD
2.332397,1.572954,FOLLOW,FORWARD
2.340189,1.571141,FOLLOW,FORWARD
2.347981,1.569328,FOLLOW,FORWARD
2.355773,1.567516,FOLLOW,FORWARD
2.363565,1.565703,FOLLOW,FORWARD
2.371357,1.563890,FOLLOW,FORWARD
2.379149,1.562078,FOLLOW,FORWARD
2.386940,1.560265,FOLLOW,FORWARD
2.394732,1.558452,FOLLOW,FORWARD
2.402524,1.556639,FOLLOW,FORWARD
2.410316,1.554827,FOLLOW,FORWARD
2.418108,1.553014,FOLLOW,FORWARD
2.425900,1.551201,FOLLOW,FORWARD
2.433692,1.549389,FOLLOW,FORWARD
2.441484,1.547576,FOLLOW,FORWARD
2.449276,1.545763,FOLLOW,FORWARD
2.457068,1.543951,FOLLOW,FORWARD
2.464860,1.542138,FOLLOW,FORWARD
2.472652,1.540325,FOLLOW,FORWARD
2.480444,1.538513,FOLLOW,FORWARD
2.488236,1.536700,FOLLOW,FORWARD
2.496027,1.534887,FOLLOW,FORWARD
2.503819,1.533075,FOLLOW,FORWARD
2.511611,1.531262,FOLLOW,FORWARD
2.519403,1.529449,FOLLOW,FORWARD
2.527195,1.527636,FOLLOW,FORWARD
2.534987,1.525824,FOLLOW,FORWARD
2.542779,1.524011,FOLLOW,FORWARD
2.550571,1.522198,FOLLOW,FORWARD
2.558363,1.520386,FOLLOW,FORWARD
2.566155,1.518573,FOLLOW,FORWARD
2.573947,1.516760,FOLLOW,FORWARD
2.581739,1.514948,FOLLOW,FORWARD
2.589531,1.513135,FOLLOW,FORWARD
2.597323,1.511322,FOLLOW,FORWARD
2.605114,1.509510,FOLLOW,FORWARD
2.612906,1.507697,FOLLOW,FORWARD
2.620698,1.505884,FOLLOW,FORWARD
2.628490,1.504071,FOLLOW,FORWARD
2.636282,1.502259,FOLLOW,FORWARD
2.644074,1.500446,FOLLOW,FORWARD
2.651866,1.498633,FOLLOW,FORWARD
2.659658,1.496821,FOLLOW,FORWARD
2.667450,1.495008,FOLLOW,FORWARD
2.675242,1.493195,FOLLOW,FORWARD
2.683034,1.491383,FOLLOW,FORWARD
2.690826,1.489570,FOLLOW,FORWARD
2.698618,1.487757,FOLLOW,FORWARD
2.706410,1.485945,FOLLOW,FORWARD
2.714201,1.484132,FOLLOW,FORWARD
2.721993,1.482319,FOLLOW,FORWARD
2.729785,1.480506,FOLLOW,FORWARD
2.737577,1.478694,FOLLOW,FORWARD
2.745369,1.476881,FOLLOW,FORWARD
2.753161,1.475068,FOLLOW,FORWARD
2.760953,1.473256,FOLLOW,FORWARD
2.768745,1.471443,FOLLOW,FORWARD
2.776537,1.469630,FOLLOW,FORWARD
2.784329,1.467818,FOLLOW,FORWARD
2.792121,1.466005,FOLLOW,FORWARD
2.799913,1.464192,FOLLOW,FORWARD
2.807705,1.462380,FOLLOW,FORWARD
2.815497,1.460567,FOLLOW,FORWARD
2.823288,1.458754,FOLLOW,FORWARD
2.831080,1.456941,FOLLOW,FORWARD
2.838872,1.455129,FOLLOW,FORWARD
2.846664,1.453316,FOLLOW,FORWARD
2.854456,1.451503,FOLLOW,FORWARD
2.862248,1.449691,FOLLOW,FORWARD
2.870040,1.447878,FOLLOW,FORWARD
2.877832,1.446065,FOLLOW,FORWARD
2.885624,1.444253,FOLLOW,FORWARD
2.893416,1.442440,FOLLOW,FORWARD
2.901208,1.440627,FOLLOW,FORWARD
2.909000,1.438815,FOLLOW,FORWARD
2.916792,1.437002,FOLLOW,FORWARD
2.924584,1.435189,FOLLOW,FORWARD
2.932375,1.433377,FOLLOW,FORWARD
2.940167,1.431564,FOLLOW,FORWARD
2.947959,1.429751,FOLLOW,FORWARD
2.955751,1.427938,FOLLOW,FORWARD
2.963543,1.426126,FOLLOW,FORWARD
2.971335,1.424313,FOLLOW,FORWARD
2.979127,1.422500,FOLLOW,FORWARD
2.986919,1.420688,FOLLOW,FORWARD
2.994711,1.418875,FOLLOW,FORWARD
3.002503,1.417062,FOLLOW,FORWARD
3.010295,1.415250,FOLLOW,FORWARD
3.018087,1.413437,FOLLOW,FORWARD
3.025879,1.411624,FOLLOW,FORWARD
3.033671,1.409812,FOLLOW,FORWARD
3.041462,1.407999,FOLLOW,FORWARD
3.049254,1.406186,FOLLOW,FORWARD
3.057046,1.404373,FOLLOW,FORWARD
3.064838,1.402561,FOLLOW,FORWARD
3.072630,1.400748,FOLLOW,FORWARD
3.080422,1.398935,FOLLOW,FORWARD
3.088214,1.397123,FOLLOW,FORWARD
3.096006,1.395310,FOLLOW,FORWARD
3.103798,1.393497,FOLLOW,FORWARD
3.111590,1.391685,FOLLOW,FORWARD
3.119382,1.389872,FOLLOW,FORWARD
3.127174,1.388059,FOLLOW,FORWARD
3.134966,1.386247,FOLLOW,FORWARD
3.142758,1.384434,FOLLOW,FORWARD
3.150549,1.382621,FOLLOW,FORWARD
3.158341,1.380808,FOLLOW,FORWARD
3.166133,1.378996,FOLLOW,FORWARD
3.173925,1.377183,FOLLOW,FORWARD
3.181717,1.375370,FOLLOW,FORWARD
3.189509,1.373558,FOLLOW,FORWARD
3.197301,1.371745,FOLLOW,FORWARD
3.205093,1.369932,FOLLOW,FORWARD
3.212885,1.368120,FOLLOW,FORWARD
3.220677,1.366307,FOLLOW,FORWARD
3.228469,1.364494,FOLLOW,FORWARD
3.236261,1.362682,FOLLOW,FORWARD
3.244053,1.360869,FOLLOW,FORWARD
3.251845,1.359056,FOLLOW,FORWARD
3.259636,1.357244,FOLLOW,FORWARD
3.267428,1.355431,FOLLOW,FORWARD
3.275220,1.353618,FOLLOW,FORWARD
3.283012,1.351805,FOLLOW,FORWARD
3.290804,1.349993,FOLLOW,FORWARD
3.298596,1.348180,FOLLOW,FORWARD
3.306388,1.346367,FOLLOW,FORWARD
3.314180,1.344555,FOLLOW,FORWARD
3.321972,1.342742,FOLLOW,FORWARD
3.329764,1.340929,FOLLOW,FORWARD
3.337556,1.339117,FOLLOW,FORWARD
3.345348,1.337304,FOLLOW,FORWARD
3.353140,1.335491,FOLLOW,FORWARD
3.360932,1.333679,FOLLOW,FORWARD
3.368723,1.331866,FOLLOW,FORWARD
3.376515,1.330053,FOLLOW,FORWARD
3.384307,1.328240,FOLLOW,FORWARD
3.392099,1.326428,FOLLOW,FORWARD
3.399891,1.324615,FOLLOW,FORWARD
3.407683,1.322802,FOLLOW,FORWARD
3.415475,1.320990,FOLLOW,FORWARD
3.423267,1.319177,FOLLOW,FORWARD
3.431059,1.317364,FOLLOW,FORWARD
3.438851,1.315552,FOLLOW,FORWARD
3.446643,1.313739,FOLLOW,FORWARD
3.454435,1.311926,FOLLOW,FORWARD
3.462227,1.310114,FOLLOW,FORWARD
3.470019,1.308301,FOLLOW,FORWARD
3.477810,1.306488,FOLLOW,FORWARD
3.485602,1.304675,FOLLOW,FORWARD
3.493394,1.302863,FOLLOW,FORWARD
3.501186,1.301050,FOLLOW,FORWARD
3.508978,1.299237,FOLLOW,FORWARD
3.516770,1.297425,FOLLOW,FORWARD
3.524562,1.295612,FOLLOW,FORWARD
3.532354,1.293799,FOLLOW,FORWARD
3.540146,1.291987,FOLLOW,FORWARD
3.547938,1.290174,FOLLOW,FORWARD
3.555730,1.288361,FOLLOW,FORWARD
3.563522,1.286549,FOLLOW,FORWARD
3.571314,1.284736,FOLLOW,FORWARD
3.579106,1.282923,FOLLOW,FORWARD
3.586897,1.281110,FOLLOW,FORWARD
3.594689,1.279298,FOLLOW,FORWARD
3.602481,1.277485,FOLLOW,FORWARD
3.610273,1.275672,FOLLOW,FORWARD
3.618065,1.273860,FOLLOW,FORWARD
3.625857,1.272047,FOLLOW,FORWARD
3.633649,1.270234,FOLLOW,FORWARD
3.641441,1.268422,FOLLOW,FORWARD
3.649233,1.266609,FOLLOW,FORWARD
3.657025,1.264796,FOLLOW,FORWARD
3.664817,1.262984,FOLLOW,FORWARD
3.672609,1.261171,FOLLOW,FORWARD
3.680401,1.259358,FOLLOW,FORWARD
3.688193,1.257546,FOLLOW,FORWARD
3.695984,1.255733,FOLLOW,FORWARD
3.703776,1.253920,FOLLOW,FORWARD
3.711568,1.252107,FOLLOW,FORWARD
3.719360,1.250295,FOLLOW,FORWARD
3.727152,1.248482,FOLLOW,FORWARD
3.734944,1.246669,FOLLOW,FORWARD
3.742736,1.244857,FOLLOW,FORWARD
3.750528,1.243044,FOLLOW,FORWARD
3.758320,1.241231,FOLLOW,FORWARD
3.766112,1.239419,FOLLOW,FORWARD
3.773904,1.237606,FOLLOW,FORWARD
3.781696,1.235793,FOLLOW,FORWARD
3.789488,1.233981,FOLLOW,FORWARD
3.797280,1.232168,FOLLOW,FORWARD
3.805071,1.230355,FOLLOW,FORWARD
3.812863,1.228542,FOLLOW,FORWARD
3.820655,1.226730,FOLLOW,FORWARD
3.828447,1.224917,FOLLOW,FORWARD
3.836239,1.223104,FOLLOW,FORWARD
3.844031,1.221292,FOLLOW,FORWARD
3.851823,1.219479,FOLLOW,FORWARD
3.859615,1.217666,FOLLOW,FORWARD
3.867407,1.215854,FOLLOW,FORWARD
3.875199,1.214041,FOLLOW,FORWARD
3.882991,1.212228,FOLLOW,FORWARD
3.890783,1.210416,FOLLOW,FORWARD
3.898575,1.208603,FOLLOW,FORWARD
3.906367,1.206790,FOLLOW,FORWARD
3.914158,1.204977,FOLLOW,FORWARD
3.921950,1.203165,FOLLOW,FORWARD
3.929742,1.201352,FOLLOW,FORWARD
3.937534,1.199539,FOLLOW,FORWARD
3.945326,1.197727,FOLLOW,FORWARD
3.953118,1.195914,FOLLOW,FORWARD
3.960910,1.194101,FOLLOW,FORWARD
3.968702,1.192289,FOLLOW,FORWARD
3.976494,1.190476,FOLLOW,FORWARD
3.984286,1.188663,FOLLOW,FORWARD
3.992078,1.186851,FOLLOW,FORWARD
3.999870,1.185038,FOLLOW,FORWARD
4.007662,1.183225,FOLLOW,FORWARD
4.015454,1.181413,FOLLOW,FORWARD
4.023245,1.179600,FOLLOW,FORWARD
4.031037,1.177787,FOLLOW,FORWARD
4.038829,1.175974,FOLLOW,FORWARD
4.046621,1.174162,FOLLOW,FORWARD
4.054413,1.172349,FOLLOW,FORWARD
4.062205,1.170536,FOLLOW,FORWARD
4.069997,1.168724,FOLLOW,FORWARD
4.077789,1.166911,FOLLOW,FORWARD
4.085581,1.165098,FOLLOW,FORWARD
4.093373,1.163286,FOLLOW,FORWARD
4.101165,1.161473,FOLLOW,FORWARD
4.108957,1.159660,FOLLOW,FORWARD
4.116749,1.157848,FOLLOW,FORWARD
4.124541,1.156035,FOLLOW,FORWARD
4.132332,1.154222,FOLLOW,FORWARD
4.140124,1.152409,FOLLOW,FORWARD
4.147916,1.150597,FOLLOW,FORWARD
4.155708,1.148784,FOLLOW,FORWARD
4.163500,1.146971,FOLLOW,FORWARD
4.171292,1.145159,FOLLOW,FORWARD
4.179084,1.143346,FOLLOW,FORWARD
4.186876,1.141533,FOLLOW,FORWARD
4.194668,1.139721,FOLLOW,FORWARD
4.202460,1.137908,FOLLOW,FORWARD
4.210252,1.136095,FOLLOW,FORWARD
4.218044,1.134283,FOLLOW,FORWARD
4.225836,1.132470,FOLLOW,FORWARD
4.233628,1.130657,FOLLOW,FORWARD
4.241419,1.128844,FOLLOW,FORWARD
4.249211,1.127032,FOLLOW,FORWARD
4.257003,1.125219,FOLLOW,FORWARD
4.264795,1.123406,FOLLOW,FORWARD
4.272587,1.121594,FOLLOW,FORWARD
4.280379,1.119781,FOLLOW,FORWARD
4.288171,1.117968,FOLLOW,FORWARD
4.295963,1.116156,FOLLOW,FORWARD
4.303755,1.114343,FOLLOW,FORWARD
4.311547,1.112530,FOLLOW,FORWARD
4.319339,1.110718,FOLLOW,FORWARD
4.327131,1.108905,FOLLOW,FORWARD
4.334923,1.107092,FOLLOW,FORWARD
4.342715,1.105279,FOLLOW,FORWARD
4.350507,1.103467,FOLLOW,FORWARD
4.358298,1.101654,FOLLOW,FORWARD
4.366090,1.099841,FOLLOW,FORWARD
4.373882,1.098029,FOLLOW,FORWARD
4.381674,1.096216,FOLLOW,FORWARD
4.389466,1.094403,FOLLOW,FORWARD
4.397258,1.092591,FOLLOW,FORWARD
4.405050,1.090778,FOLLOW,FORWARD
4.412842,1.088965,FOLLOW,FORWARD
4.420634,1.087153,FOLLOW,FORWARD
4.428426,1.085340,FOLLOW,FORWARD
4.436218,1.083527,FOLLOW,FORWARD
4.444010,1.081715,FOLLOW,FORWARD
4.451802,1.079902,FOLLOW,FORWARD
4.459594,1.078089,FOLLOW,FORWARD
4.467385,1.076276,FOLLOW,FORWARD
4.475177,1.074464,FOLLOW,FORWARD
4.482969,1.072651,FOLLOW,FORWARD
4.490761,1.070838,FOLLOW,FORWARD
4.498553,1.069026,FOLLOW,FORWARD
4.506345,1.067213,FOLLOW,FORWARD
4.514137,1.065400,FOLLOW,FORWARD
4.521929,1.063588,FOLLOW,FORWARD
4.529721,1.061775,FOLLOW,FORWARD
4.537513,1.059962,FOLLOW,FORWARD
4.545305,1.058150,FOLLOW,FORWARD
4.553097,1.056337,FOLLOW,FORWARD
4.560889,1.054524,FOLLOW,FORWARD
4.568681,1.052711,FOLLOW,FORWARD
4.576472,1.050899,FOLLOW,FORWARD
4.584264,1.049086,FOLLOW,FORWARD
4.592056,1.047273,FOLLOW,FORWARD
4.599848,1.045461,FOLLOW,FORWARD
4.607640,1.043648,FOLLOW,FORWARD
4.615432,1.041835,FOLLOW,FORWARD
4.623224,1.040023,FOLLOW,FORWARD
4.631016,1.038210,FOLLOW,FORWARD
4.638808,1.036397,FOLLOW,FORWARD
4.646600,1.034585,FOLLOW,FORWARD
4.654392,1.032772,FOLLOW,FORWARD
4.662184,1.030959,FOLLOW,FORWARD
4.669976,1.029146,FOLLOW,FORWARD
4.677768,1.027334,FOLLOW,FORWARD
4.685559,1.025521,FOLLOW,FORWARD
4.693351,1.023708,FOLLOW,FORWARD
4.701143,1.021896,FOLLOW,FORWARD
4.708935,1.020083,FOLLOW,FORWARD
4.716727,1.018270,FOLLOW,FORWARD
4.724519,1.016458,FOLLOW,FORWARD
4.732311,1.014645,FOLLOW,FORWARD
4.740103,1.012832,FOLLOW,FORWARD
4.747895,1.011020,FOLLOW,FORWARD
4.755687,1.009207,FOLLOW,FORWARD
4.763479,1.007394,FOLLOW,FORWARD
4.771271,1.005582,FOLLOW,FORWARD
4.779063,1.003769,FOLLOW,FORWARD
4.786855,1.001956,FOLLOW,FORWARD
4.794646,1.000143,FOLLOW,FORWARD
4.802438,0.998331,FOLLOW,FORWARD
4.810230,0.996518,FOLLOW,FORWARD
4.818022,0.994705,FOLLOW,FORWARD
4.825814,0.992893,FOLLOW,FORWARD
4.833606,0.991080,FOLLOW,FORWARD
4.841398,0.989267,FOLLOW,FORWARD
4.849190,0.987455,FOLLOW,FORWARD
4.856982,0.985642,FOLLOW,FORWARD
4.864774,0.983829,FOLLOW,FORWARD
4.872566,0.982017,FOLLOW,FORWARD
4.880358,0.980204,FOLLOW,FORWARD
4.888150,0.978391,FOLLOW,FORWARD
4.895942,0.976578,FOLLOW,FORWARD
4.903733,0.974766,FOLLOW,FORWARD
4.911525,0.972953,FOLLOW,FORWARD
4.919317,0.971140,FOLLOW,FORWARD
4.927109,0.969328,FOLLOW,FORWARD
4.934901,0.967515,FOLLOW,FORWARD
4.942693,0.965702,FOLLOW,FORWARD
4.950485,0.963890,FOLLOW,FORWARD
4.958277,0.962077,FOLLOW,FORWARD
4.966069,0.960264,FOLLOW,FORWARD
4.973861,0.958452,FOLLOW,FORWARD
4.981653,0.956639,FOLLOW,FORWARD
4.989445,0.954826,FOLLOW,FORWARD
4.997237,0.953013,FOLLOW,FORWARD
5.005029,0.951201,FOLLOW,FORWARD
5.012820,0.949388,FOLLOW,FORWARD
5.020612,0.947575,FOLLOW,FORWARD
5.028404,0.945763,FOLLOW,FORWARD
5.036196,0.943950,FOLLOW,FORWARD
5.043988,0.942137,FOLLOW,FORWARD
5.051780,0.940325,FOLLOW,FORWARD
5.059572,0.938512,FOLLOW,FORWARD
5.067364,0.936699,FOLLOW,FORWARD
5.075156,0.934887,FOLLOW,FORWARD
5.082948,0.933074,FOLLOW,FORWARD
5.090740,0.931261,FOLLOW,FORWARD
5.098532,0.929448,FOLLOW,FORWARD
5.106324,0.927636,FOLLOW,FORWARD
5.114116,0.925823,FOLLOW,FORWARD
5.121907,0.924010,FOLLOW,FORWARD
5.129699,0.922198,FOLLOW,FORWARD
5.137491,0.920385,FOLLOW,FORWARD
5.145283,0.918572,FOLLOW,FORWARD
5.153075,0.916760,FOLLOW,FORWARD
5.160867,0.914947,FOLLOW,FORWARD
5.168659,0.913134,FOLLOW,FORWARD
5.176451,0.911322,FOLLOW,FORWARD
5.184243,0.909509,FOLLOW,FORWARD
5.192035,0.907696,FOLLOW,FORWARD
5.199827,0.905884,FOLLOW,FORWARD
5.207619,0.904071,FOLLOW,FORWARD
5.215411,0.902258,FOLLOW,FORWARD
5.223203,0.900445,FOLLOW,FORWARD
5.230994,0.898633,FOLLOW,FORWARD
5.238786,0.896820,FOLLOW,FORWARD
5.246578,0.895007,FOLLOW,FORWARD
5.254370,0.893195,FOLLOW,FORWARD
5.262162,0.891382,FOLLOW,FORWARD
5.269954,0.889569,FOLLOW,FORWARD
5.277746,0.887757,FOLLOW,FORWARD
5.285538,0.885944,FOLLOW,FORWARD
5.293330,0.884131,FOLLOW,FORWARD
5.301122,0.882319,FOLLOW,FORWARD
5.308914,0.880506,FOLLOW,FORWARD
5.316706,0.878693,FOLLOW,FORWARD
5.324498,0.876880,FOLLOW,FORWARD
5.332290,0.875068,FOLLOW,FORWARD
5.340081,0.873255,FOLLOW,FORWARD
5.347873,0.871442,FOLLOW,FORWARD
5.355665,0.869630,FOLLOW,FORWARD
5.363457,0.867817,FOLLOW,FORWARD
5.371249,0.866004,FOLLOW,FORWARD
5.379041,0.864192,FOLLOW,FORWARD
5.386833,0.862379,FOLLOW,FORWARD
5.394625,0.860566,FOLLOW,FORWARD
5.402417,0.858754,FOLLOW,FORWARD
5.410209,0.856941,FOLLOW,FORWARD
5.418001,0.855128,FOLLOW,FORWARD
5.425793,0.853315,FOLLOW,FORWARD
5.433585,0.851503,FOLLOW,FORWARD
5.441377,0.849690,FOLLOW,FORWARD
5.449168,0.847877,FOLLOW,FORWARD
5.456960,0.846065,FOLLOW,FORWARD
5.464752,0.844252,FOLLOW,FORWARD
5.472544,0.842439,FOLLOW,FORWARD
5.480336,0.840627,FOLLOW,FORWARD
5.488128,0.838814,FOLLOW,FORWARD
5.495920,0.837001,FOLLOW,FORWARD
5.503712,0.835189,FOLLOW,FORWARD
5.511504,0.833376,FOLLOW,FORWARD
5.519296,0.831563,FOLLOW,FORWARD
5.527088,0.829751,FOLLOW,FORWARD
5.534880,0.827938,FOLLOW,FORWARD
5.542672,0.826125,FOLLOW,FORWARD
5.550464,0.824312,FOLLOW,FORWARD
5.558255,0.822500,FOLLOW,FORWARD
5.566047,0.820687,FOLLOW,FORWARD
5.573839,0.818874,FOLLOW,FORWARD
5.581631,0.817062,FOLLOW,FORWARD
5.589423,0.815249,FOLLOW,FORWARD
5.597215,0.813436,FOLLOW,FORWARD
5.605007,0.811624,FOLLOW,FORWARD
5.612799,0.809811,FOLLOW,FORWARD
5.620591,0.807998,FOLLOW,FORWARD
5.628383,0.806186,FOLLOW,FORWARD
5.636175,0.804373,FOLLOW,FORWARD
5.643967,0.802560,FOLLOW,FORWARD
5.651759,0.800747,FOLLOW,FORWARD
5.659551,0.798935,FOLLOW,FORWARD
5.667342,0.797122,FOLLOW,FORWARD
5.675134,0.795309,FOLLOW,FORWARD
5.682926,0.793497,FOLLOW,FORWARD
5.690718,0.791684,FOLLOW,FORWARD
5.698510,0.789871,FOLLOW,FORWARD
5.706302,0.788059,FOLLOW,FORWARD
5.714094,0.786246,FOLLOW,FORWARD
5.721886,0.784433,FOLLOW,FORWARD
5.729678,0.782621,FOLLOW,FORWARD
5.737470,0.780808,FOLLOW,FORWARD
5.745262,0.778995,FOLLOW,FORWARD
5.753054,0.777182,FOLLOW,FORWARD
5.760846,0.775370,FOLLOW,FORWARD
5.768638,0.773557,FOLLOW,FORWARD
5.776429,0.771744,FOLLOW,FORWARD
5.784221,0.769932,FOLLOW,FORWARD
5.792013,0.768119,FOLLOW,FORWARD
5.799805,0.766306,FOLLOW,FORWARD
5.807597,0.764494,FOLLOW,FORWARD
5.815389,0.762681,FOLLOW,FORWARD
5.823181,0.760868,FOLLOW,FORWARD
5.830973,0.759056,FOLLOW,FORWARD
5.838765,0.757243,FOLLOW,FORWARD
5.846557,0.755430,FOLLOW,FORWARD
5.854349,0.753617,FOLLOW,FORWARD
5.862141,0.751805,FOLLOW,FORWARD
5.869933,0.749992,FOLLOW,FORWARD
5.877725,0.748179,FOLLOW,FORWARD
5.885516,0.746367,FOLLOW,FORWARD
5.893308,0.744554,FOLLOW,FORWARD
5.901100,0.742741,FOLLOW,FORWARD
5.908892,0.740929,FOLLOW,FORWARD
5.916684,0.739116,FOLLOW,FORWARD
5.924476,0.737303,FOLLOW,FORWARD
5.932268,0.735491,FOLLOW,FORWARD
5.940060,0.733678,FOLLOW,FORWARD
5.947852,0.731865,FOLLOW,FORWARD
5.955644,0.730053,FOLLOW,FORWARD
5.963436,0.728240,FOLLOW,FORWARD
5.971228,0.726427,DIR_RIGHT,TURN_RIGHT
5.972007,0.726246,FOLLOW,FORWARD
5.978815,0.723903,FOLLOW,FORWARD
5.986352,0.721222,FOLLOW,FORWARD
5.993887,0.718533,FOLLOW,FORWARD
6.001421,0.715843,FOLLOW,FORWARD
6.008956,0.713154,FOLLOW,FORWARD
6.016490,0.710464,FOLLOW,FORWARD
6.024024,0.707775,FOLLOW,FORWARD
6.031559,0.705086,FOLLOW,FORWARD
6.039093,0.702396,FOLLOW,FORWARD
6.046628,0.699707,FOLLOW,FORWARD
6.054162,0.697017,FOLLOW,FORWARD
6.061696,0.694328,FOLLOW,FORWARD
6.069231,0.691638,FOLLOW,FORWARD
6.076765,0.688949,FOLLOW,FORWARD
6.084299,0.686260,FOLLOW,FORWARD
6.091834,0.683570,FOLLOW,FORWARD
6.099368,0.680881,FOLLOW,FORWARD
6.106903,0.678191,FOLLOW,FORWARD
6.114437,0.675502,FOLLOW,FORWARD
6.121971,0.672812,FOLLOW,FORWARD
6.129506,0.670123,FOLLOW,FORWARD
6.137040,0.667434,FOLLOW,FORWARD
6.144574,0.664744,FOLLOW,FORWARD
6.152109,0.662055,FOLLOW,FORWARD
6.159643,0.659365,FOLLOW,FORWARD
6.167178,0.656676,FOLLOW,FORWARD
6.174712,0.653986,FOLLOW,FORWARD
6.182246,0.651297,FOLLOW,FORWARD
6.189781,0.648607,FOLLOW,FORWARD
6.197315,0.645918,FOLLOW,FORWARD
6.204850,0.643229,FOLLOW,FORWARD
6.212384,0.640539,FOLLOW,FORWARD
6.219918,0.637850,FOLLOW,FORWARD
6.227453,0.635160,FOLLOW,FORWARD
6.234987,0.632471,FOLLOW,FORWARD
6.242521,0.629781,FOLLOW,FORWARD
6.250056,0.627092,FOLLOW,FORWARD
6.257590,0.624403,FOLLOW,FORWARD
6.265125,0.621713,FOLLOW,FORWARD
6.272659,0.619024,FOLLOW,FORWARD
6.280193,0.616334,FOLLOW,FORWARD
6.287728,0.613645,FOLLOW,FORWARD
6.295262,0.610955,FOLLOW,FORWARD
6.302797,0.608266,FOLLOW,FORWARD
6.310331,0.605577,FOLLOW,FORWARD
6.317865,0.602887,FOLLOW,FORWARD
6.325400,0.600198,FOLLOW,FORWARD
6.332934,0.597508,DIR_RIGHT,TURN_RIGHT
6.333688,0.597239,FOLLOW,FORWARD
6.340184,0.594135,FOLLOW,FORWARD
6.347367,0.590612,FOLLOW,FORWARD
6.354545,0.587081,FOLLOW,FORWARD
6.361724,0.583550,FOLLOW,FORWARD
6.368902,0.580019,FOLLOW,FORWARD
6.376081,0.576488,FOLLOW,FORWARD
6.383259,0.572957,FOLLOW,FORWARD
6.390438,0.569426,FOLLOW,FORWARD
6.397616,0.565895,FOLLOW,FORWARD
6.404795,0.562364,FOLLOW,FORWARD
6.411973,0.558833,FOLLOW,FORWARD
6.419152,0.555302,FOLLOW,FORWARD
6.426331,0.551771,FOLLOW,FORWARD
6.433509,0.548239,FOLLOW,FORWARD
6.440688,0.544708,FOLLOW,FORWARD
6.447866,0.541177,FOLLOW,FORWARD
6.455045,0.537646,FOLLOW,FORWARD
6.462223,0.534115,FOLLOW,FORWARD
6.469402,0.530584,FOLLOW,FORWARD
6.476580,0.527053,FOLLOW,FORWARD
6.483759,0.523522,FOLLOW,FORWARD
6.490937,0.519991,FOLLOW,FORWARD
6.498116,0.516460,FOLLOW,FORWARD
6.505294,0.512929,FOLLOW,FORWARD
6.512473,0.509397,FOLLOW,FORWARD
6.519652,0.505866,FOLLOW,FORWARD
6.526830,0.502335,FOLLOW,FORWARD
6.534009,0.498804,FOLLOW,FORWARD
6.541187,0.495273,FOLLOW,FORWARD
6.548366,0.491742,FOLLOW,FORWARD
6.555544,0.488211,FOLLOW,FORWARD
6.562723,0.484680,FOLLOW,FORWARD
6.569901,0.481149,FOLLOW,FORWARD
6.577080,0.477618,DIR_RIGHT,TURN_RIGHT
6.577798,0.477265,FOLLOW,FORWARD
6.583898,0.473440,FOLLOW,FORWARD
6.590632,0.469121,FOLLOW,FORWARD
6.597361,0.464794,FOLLOW,FORWARD
6.604090,0.460468,FOLLOW,FORWARD
6.610819,0.456141,FOLLOW,FORWARD
6.617548,0.451814,FOLLOW,FORWARD
6.624277,0.447488,FOLLOW,FORWARD
6.631006,0.443161,FOLLOW,FORWARD
6.637735,0.438834,FOLLOW,FORWARD
6.644464,0.434508,FOLLOW,FORWARD
6.651193,0.430181,FOLLOW,FORWARD
6.657922,0.425854,FOLLOW,FORWARD
6.664651,0.421528,FOLLOW,FORWARD
6.671380,0.417201,FOLLOW,FORWARD
6.678109,0.412874,FOLLOW,FORWARD
6.684838,0.408548,FOLLOW,FORWARD
6.691567,0.404221,FOLLOW,FORWARD
6.698296,0.399894,FOLLOW,FORWARD
6.705025,0.395568,FOLLOW,FORWARD
6.711754,0.391241,FOLLOW,FORWARD
6.718484,0.386914,IDLE,STOP
6.719156,0.386482,IDLE,STOP
6.719156,0.386482,IDLE,STOP
6.719156,0.386482,IDLE,STOP
6.719156,0.386482,IDLE,STOP
6.719156,0.386482,IDLE,STOP
6.719156,0.386482,IDLE,STOP
6.719156,0.386482,IDLE,STOP
6.719156,0.386482,IDLE,STOP
6.719156,0.386482,IDLE,STOP
6.719156,0.386482,IDLE,STOP
6.719156,0.386482,IDLE,STOP
6.719156,0.386482,IDLE,STOP
6.719156,0.386482,IDLE,STOP
6.719156,0.386482,IDLE,STOP
6.719156,0.386482,IDLE,STOP
6.719156,0.386482,IDLE,STOP
6.719156,0.386482,IDLE,STOP
6.719156,0.386482,IDLE,STOP
6.719156,0.386482,IDLE,STOP
6.719156,0.386482,IDLE,STOP
6.719156,0.386482,IDLE,STOP
6.719156,0.386482,IDLE,STOP
6.719156,0.386482,IDLE,STOP
6.719156,0.386482,IDLE,STOP
6.719156,0.386482,IDLE,STOP
6.719156,0.386482,IDLE,STOP
6.719156,0.386482,IDLE,STOP
6.719156,0.386482,IDLE,STOP
6.719156,0.386482,IDLE,STOP
6.719156,0.386482,IDLE,STOP
6.719156,0.386482,IDLE,STOP
6.719156,0.386482,IDLE,STOP
6.719156,0.386482,IDLE,STOP
6.719156,0.386482,IDLE,STOP
6.719156,0.386482,IDLE,STOP
6.719156,0.386482,IDLE,STOP
6.719156,0.386482,IDLE,STOP
6.719156,0.386482,IDLE,STOP
6.719156,0.386482,IDLE,STOP
6.719156,0.386482,IDLE,STOP
6.719156,0.386482,IDLE,STOP
6.719156,0.386482,IDLE,STOP
6.719156,0.386482,IDLE,STOP
6.719156,0.386482,IDLE,STOP
